school_id,school_name,education_level,municipality,administrative_post,latitude,longitude,ict_donor,devices,project_year,status,license,internet,teachers,students,observations
978,EBC 1° 2° 3° Dom Baumeta,Basic,Aileu,Aileu Vila,-8.7596533,125.5511246,LiteHaus,8,2026,Planning,No License,Router SIM Card,15,408,
809,EBC 1.2.3 Aileu Vila das Flores,Basic,Aileu,Aileu Vila,-8.7343431,125.5660985,LiteHaus,10,2026,Distributed,CEU,Router SIM Card,24,828,
624,EBC Maquili,Basic,Atauro,Ataúro,-8.4778344,125.8847283,LiteHaus,8,2026,Distributed,No License,Router SIM Card,23,516,
343,EBC 1.2.3 Osso-Huna Baguia,Basic,Baucau,Baguia,-8.6592492,126.6362124,LiteHaus,8,2026,Planning,No License,,10,216,
755,EBC 1.2.3 Soba Laga,Basic,Baucau,Laga,-8.4754222,126.5940385,LiteHaus,8,2026,Planning,No License,,14,437,
1017,EBC 1.2 Binagari Vemasse,Basic,Baucau,Vemasse,-8.5036562,126.2352213,LiteHaus,8,2026,Planning,No License,,11,241,
1022,EBC 1.2.3 - 4 De Janeiro - Coilima Atabae,Basic,Bobonaro,Atabae,-8.6417400,125.3203200,LiteHaus,8,2026,Distributed,No License,Router SIM Card,24,294,
543,EBC 1.2.3 - 30 De Agosto Atuaben Marobo Bobonaro,Basic,Bobonaro,Bobonaro,-9.0045844,125.3331908,LiteHaus,8,2026,Distributed,No License,Router SIM Card,16,292,
1044,EBC 1.2.3 Fohorem,Basic,Covalima,Fohorem,-9.2819246,125.0903777,LiteHaus,8,2026,Planning,No License,,10,184,
1052,EBC 3 Salele,Basic,Covalima,Tilomar,-9.3904718,125.1657708,LiteHaus,8,2026,Planning,No License,,21,419,
638,EBC Farol,Basic,Dili,Vera Cruz,-8.5517021,125.5682396,LiteHaus,9,2026,Planning,No License,,45,1367,
687,EBC 3 - 10 De Dezembro,Basic,Dili,Dom Aleixo,-8.5541232,125.5469489,LiteHaus,9,2026,Planning,No License,,50,834,
672,EBC 1.º 2.º 3.º Darlau,Basic,Dili,Cristo Rei,-8.6068846,125.6279920,LiteHaus,9,2026,Planning,No License,,22,285,
666,EBC 1.2.3 Bidau Akadiruhun,Basic,Dili,Nain Feto,-8.5582986,125.5823470,LiteHaus,10,2026,Distributed,CEU,Router SIM Card,28,992,
2092,EBC Metinaro,Basic,Dili,Metinaro,-8.5292969,125.7575494,LiteHaus,10,2026,Planning,No License,,23,452,
1068,EBC 3.º Lulira,Basic,Lautem,Lospalos,-8.5250940,127.0066946,LiteHaus,8,2026,Planning,No License,,24,365,
1267,EBC 3 Lospalos,Basic,Lautem,Lospalos,-8.5197591,126.9972313,LiteHaus,8,2026,Planning,No License,,14,416,
589,EBC 1.2.3 Abat Oan,Basic,Manatuto,Barique,-8.9875765,126.0235761,LiteHaus,8,2026,Planning,No License,,19,314,
614,EBC 1.2.3 Cribas,Basic,Manatuto,Manatuto,-8.6724094,125.9912728,LiteHaus,8,2026,Distributed,No License,Router SIM Card,12,707,
493,EBC 3 S. Bento Salau,Basic,Manatuto,Soibada,-8.8277575,125.9849743,LiteHaus,8,2026,Distributed,No License,Router SIM Card,9,59,
702,EBC 1.2.3 Mahaquidan,Basic,Manufahi,Alas,-9.0199800,125.7921400,LiteHaus,8,2026,Planning,No License,,15,187,
1236,EBC 3 Bisakrem,Basic,Manufahi,Same,-9.0337713,125.5204614,LiteHaus,8,2026,Planning,No License,,18,142,
857,EBC 1.2.3 Haobeno Quiubuquif Bimanat,Basic,RAEOA (Oe-Cusse Ambeno),Nitibe,-9.3406491,124.2478749,LiteHaus,8,2026,Planning,No License,,15,259,
1140,EBC 3 Passabe,Basic,RAEOA (Oe-Cusse Ambeno),Passabe,-9.4639807,124.3400240,LiteHaus,8,2026,Planning,No License,,18,436,
928,EBC 1.2.3 Mundo Perdido,Basic,Viqueque,Ossu,-8.7356154,126.3700390,LiteHaus,8,2026,Distributed,No License,Router SIM Card,30,522,
105,EBC 1.2.3 Naedala,Basic,Viqueque,Uato Lari,-8.7984995,126.5561132,LiteHaus,8,2026,Distributed,No License,Router SIM Card,21,463,
925,EBC 1.2.3 - 8 De Agosto Caijularan,Basic,Viqueque,Viqueque,-8.9124048,126.2789090,LiteHaus,8,2026,Distributed,No License,Router SIM Card,29,645,
1000,EBC. Seloi,Basic,Aileu,Aileu Vila,-8.6957317,125.5351066,LiteHaus,16,2025,Distributed,No License,,20,182,
622,EBC. Biqueli,Basic,Atauro,Ataúro,-8.1858097,125.6312482,LiteHaus,14,2025,Distributed,No License,,7,339,
759,EBC. Vila Nova,Basic,Baucau,Baucau Vila,-8.4785371,126.4547513,LiteHaus,16,2025,Distributed,No License,,39,602,
1029,EBC. Balibo,Basic,Bobonaro,Balibo,-8.9667623,125.0386443,LiteHaus,14,2025,Distributed,No License,,27,371,
1036,EBC. Maliana Vila,Basic,Bobonaro,Maliana Vila,-8.9914894,125.2143314,LiteHaus,16,2025,Distributed,No License,,30,585,
135,EBC. Suai Loro,Basic,Covalima,Suai,-9.3362658,125.2682356,LiteHaus,14,2025,Distributed,No License,,32,565,
688,EBC. 30 de Agosto,Basic,Dili,Comoro,-8.5530932,125.5303958,LiteHaus,18,2025,Distributed,No License,,61,1568,
839,EBC. Fatumeta,Basic,Dili,Fatumeta,-8.5533696,125.5618533,LiteHaus,18,2025,Distributed,No License,,47,877,
138,EBC. Esperança da Pátria,Basic,Dili,Becora,-8.5647771,125.6061602,LiteHaus,18,2025,Distributed,No License,,51,1250,
641,EBC Manleuana,Basic,Dili,Manleuana,-8.5731089,125.5427842,LiteHaus,13,2025,Distributed,No License,,28,1697,"husi 13, 1 lakon, agora hela 12"
439,EBC. Com,Basic,Lautem,Lospalos,-8.3502903,127.0517755,LiteHaus,13,2025,Distributed,No License,,14,314,"1 hadia hela, tuir loos 14"
427,EBC. Iliomar,Basic,Lautem,Iliomar,-8.7123566,126.8261305,LiteHaus,16,2025,Distributed,No License,,10,464,
1084,EBC. 05 de Maio Lacló,Basic,Manatuto,Lacló,-8.5541900,125.9069300,LiteHaus,14,2025,Distributed,No License,,13,182,
946,EBC. Diligência,Basic,Manufahi,Manufahi,-8.9972244,125.6507227,LiteHaus,16,2025,Distributed,No License,,18,702,
1136,EBC. Palaban,Basic,RAEOA (Oe-Cusse Ambeno),Oecusse,-9.2004290,124.3515786,LiteHaus,16,2025,Distributed,No License,,27,498,
114,EBC. Cabira Oan,Basic,Viqueque,Viqueque,-8.7356718,126.3700365,LiteHaus,15,2025,Distributed,No License,,32,459,"1 hadia hela, tuir loos 16"
